﻿<?xml version="1.0" encoding="utf-8"?><meta xmlns:xsi="http://www.w3.org/2001/XMLSchema-instance" xmlns:xsd="http://www.w3.org/2001/XMLSchema"><project id="6U8lB5PhrUZ" courseid="6ey4MYb9N95_course_id" thumburl="story_content/thumbnail.jpg" title="Bagian Tubuh Tumbuhan dan Fungsinya" datepublished="2025-01-19T09:02:44" version="1.0.0.0" flashdata="story_content/data.swf" html5data="mobile/data.json" mobiledata="mobile/data.gz" enabledownload="false" duration="About 3 minutes" totalaudio="140337" totalvideo="0"><description>Media Pembelajaran IPAS kela IV</description><keywords>IPAS Tumbuh Tumbuhan dan Fungsinya</keywords><slidemeta moniker="slide" monikerplural="slides" viewslides="20" slidecountdescription="20 slides" /><author name="Ita Rosita" email="ita732222@gmail.com" website="" /><application name="Articulate Storyline" version="3.10.22406.0" xmlversion="4.0" /></project></meta>